SEGMENT,INSTITUTION,YEAR_FALL_TERM,STUDENT_CNT,FEMALE_CNT,FEMALE_PCT,MALE_CNT,MALE_PCT,UNKNGENDER_CNT,UNKNGENDER_PCT,AMERIND_CNT,AMERIND_PCT,AAPI_CNT,AAPI_PCT,AFRAMER_CNT,AFRAMER_PCT,HISPLAT_CNT,HISPLAT_PCT,USNONRES_CNT,USNONRES_PCT,MULTIRACE_CNT,MULTIRACE_PCT,UNKNRACE_CNT,UNKNRACE_PCT,WHITE_CNT,WHITE_PCT
Community Colleges,Berkshire Community College,2024,1845,1215,0.66,602,0.33,28,0.02,8,0,30,0.02,147,0.08,264,0.14,16,0.01,106,0.06,78,0.04,1196,0.65
Community Colleges,Berkshire Community College,2023,1607,1051,0.65,537,0.33,19,0.01,8,0,31,0.02,122,0.08,198,0.12,26,0.02,82,0.05,42,0.03,1098,0.68
Community Colleges,Berkshire Community College,2022,1366,918,0.67,448,0.33,0,0,9,0.01,30,0.02,129,0.09,153,0.11,4,0,68,0.05,52,0.04,921,0.67
Community Colleges,Berkshire Community College,2021,1427,954,0.67,473,0.33,0,0,8,0.01,31,0.02,134,0.09,160,0.11,1,0,50,0.04,65,0.05,978,0.69
Community Colleges,Berkshire Community College,2020,1482,1011,0.68,471,0.32,0,0,13,0.01,22,0.01,143,0.1,114,0.08,3,0,55,0.04,79,0.05,1053,0.71
Community Colleges,Berkshire Community College,2019,1627,1044,0.64,583,0.36,0,0,20,0.01,30,0.02,138,0.08,151,0.09,6,0,58,0.04,110,0.07,1114,0.68
Community Colleges,Berkshire Community College,2018,1688,1097,0.65,591,0.35,0,0,11,0.01,39,0.02,136,0.08,128,0.08,6,0,49,0.03,90,0.05,1229,0.73
Community Colleges,Berkshire Community College,2017,1847,1151,0.62,696,0.38,0,0,15,0.01,41,0.02,136,0.07,156,0.08,3,0,32,0.02,88,0.05,1376,0.74
Community Colleges,Berkshire Community College,2016,1959,1212,0.62,747,0.38,0,0,12,0.01,36,0.02,129,0.07,171,0.09,3,0,33,0.02,66,0.03,1509,0.77
Community Colleges,Berkshire Community College,2015,2120,1279,0.6,840,0.4,1,0,7,0,43,0.02,149,0.07,151,0.07,6,0,32,0.02,60,0.03,1672,0.79
Community Colleges,Berkshire Community College,2014,2230,1360,0.61,870,0.39,0,0,8,0,46,0.02,152,0.07,158,0.07,9,0,39,0.02,52,0.02,1766,0.79
Community Colleges,Bristol Community College,2024,6950,4578,0.66,2301,0.33,71,0.01,14,0,150,0.02,927,0.13,1085,0.16,0,0,390,0.06,619,0.09,3765,0.54
Community Colleges,Bristol Community College,2023,6096,4008,0.66,2054,0.34,34,0.01,9,0,144,0.02,770,0.13,944,0.15,0,0,349,0.06,430,0.07,3450,0.57
Community Colleges,Bristol Community College,2022,5822,3805,0.65,1936,0.33,81,0.01,13,0,146,0.03,664,0.11,753,0.13,0,0,315,0.05,512,0.09,3419,0.59
Community Colleges,Bristol Community College,2021,5977,3902,0.65,1987,0.33,88,0.01,20,0,169,0.03,642,0.11,626,0.1,0,0,372,0.06,314,0.05,3834,0.64
Community Colleges,Bristol Community College,2020,6258,4097,0.65,2026,0.32,135,0.02,15,0,169,0.03,603,0.1,563,0.09,1,0,348,0.06,327,0.05,4232,0.68
Community Colleges,Bristol Community College,2019,6851,4285,0.63,2414,0.35,152,0.02,15,0,171,0.02,666,0.1,653,0.1,3,0,390,0.06,320,0.05,4633,0.68
Community Colleges,Bristol Community College,2018,7214,4554,0.63,2584,0.36,76,0.01,19,0,163,0.02,645,0.09,659,0.09,2,0,419,0.06,337,0.05,4970,0.69
Community Colleges,Bristol Community College,2017,7637,4793,0.63,2818,0.37,26,0,19,0,184,0.02,634,0.08,694,0.09,4,0,429,0.06,315,0.04,5358,0.7
Community Colleges,Bristol Community College,2016,8476,5276,0.62,3200,0.38,0,0,24,0,168,0.02,748,0.09,809,0.1,9,0,470,0.06,235,0.03,6013,0.71
Community Colleges,Bristol Community College,2015,8761,5409,0.62,3349,0.38,3,0,17,0,170,0.02,717,0.08,750,0.09,10,0,440,0.05,228,0.03,6429,0.73
Community Colleges,Bristol Community College,2014,9189,5609,0.61,3577,0.39,3,0,28,0,180,0.02,735,0.08,742,0.08,7,0,420,0.05,245,0.03,6832,0.74
Community Colleges,Bunker Hill Community College,2024,10279,6126,0.6,4050,0.39,103,0.01,22,0,930,0.09,2514,0.24,3117,0.3,629,0.06,300,0.03,898,0.09,1869,0.18
Community Colleges,Bunker Hill Community College,2023,9027,5282,0.59,3686,0.41,59,0.01,14,0,867,0.1,2200,0.24,2758,0.31,53,0.01,129,0.01,1382,0.15,1624,0.18
Community Colleges,Bunker Hill Community College,2022,8445,5044,0.6,3386,0.4,15,0,17,0,856,0.1,2067,0.24,2603,0.31,88,0.01,95,0.01,1157,0.14,1562,0.18
Community Colleges,Bunker Hill Community College,2021,9290,5544,0.6,3676,0.4,70,0.01,24,0,1020,0.11,2380,0.26,2782,0.3,207,0.02,87,0.01,948,0.1,1842,0.2
Community Colleges,Bunker Hill Community College,2020,9924,5952,0.6,3900,0.39,72,0.01,28,0,1202,0.12,2532,0.26,2706,0.27,357,0.04,121,0.01,896,0.09,2082,0.21
Community Colleges,Bunker Hill Community College,2019,11936,6822,0.57,5064,0.42,50,0,30,0,1434,0.12,3193,0.27,3320,0.28,535,0.04,171,0.01,713,0.06,2540,0.21
Community Colleges,Bunker Hill Community College,2018,12657,7303,0.58,5298,0.42,56,0,42,0,1489,0.12,3378,0.27,3442,0.27,584,0.05,203,0.02,769,0.06,2750,0.22
Community Colleges,Bunker Hill Community College,2017,12996,7413,0.57,5445,0.42,138,0.01,46,0,1480,0.11,3347,0.26,3356,0.26,713,0.05,456,0.04,797,0.06,2801,0.22
Community Colleges,Bunker Hill Community College,2016,13324,7481,0.56,5736,0.43,107,0.01,48,0,1385,0.1,3379,0.25,3249,0.24,827,0.06,518,0.04,807,0.06,3111,0.23
Community Colleges,Bunker Hill Community College,2015,14047,7938,0.57,6109,0.43,0,0,38,0,1447,0.1,3665,0.26,3476,0.25,797,0.06,495,0.04,611,0.04,3518,0.25
Community Colleges,Bunker Hill Community College,2014,14253,8081,0.57,6161,0.43,11,0,40,0,1471,0.1,3878,0.27,3333,0.23,664,0.05,381,0.03,804,0.06,3682,0.26
Community Colleges,Cape Cod Community College,2024,3260,2108,0.65,1133,0.35,19,0.01,15,0,77,0.02,377,0.12,477,0.15,0,0,177,0.05,65,0.02,2072,0.64
Community Colleges,Cape Cod Community College,2023,2604,1641,0.63,930,0.36,33,0.01,9,0,75,0.03,268,0.1,348,0.13,1,0,149,0.06,71,0.03,1683,0.65
Community Colleges,Cape Cod Community College,2022,2336,1473,0.63,842,0.36,21,0.01,11,0,55,0.02,214,0.09,273,0.12,1,0,131,0.06,65,0.03,1586,0.68
Community Colleges,Cape Cod Community College,2021,2510,1607,0.64,878,0.35,25,0.01,8,0,74,0.03,190,0.08,277,0.11,0,0,116,0.05,150,0.06,1695,0.68
Community Colleges,Cape Cod Community College,2020,2710,1720,0.63,960,0.35,30,0.01,11,0,86,0.03,196,0.07,249,0.09,0,0,148,0.05,153,0.06,1867,0.69
Community Colleges,Cape Cod Community College,2019,2907,1775,0.61,1107,0.38,25,0.01,15,0.01,68,0.02,228,0.08,270,0.09,0,0,145,0.05,141,0.05,2040,0.7
Community Colleges,Cape Cod Community College,2018,2996,1865,0.62,1105,0.37,26,0.01,18,0.01,82,0.03,237,0.08,275,0.09,0,0,165,0.06,105,0.04,2114,0.71
Community Colleges,Cape Cod Community College,2017,3221,1956,0.61,1250,0.39,15,0,16,0,82,0.03,212,0.07,243,0.08,3,0,177,0.05,168,0.05,2320,0.72
Community Colleges,Cape Cod Community College,2016,3319,1948,0.59,1342,0.4,29,0.01,21,0.01,84,0.03,214,0.06,249,0.08,4,0,152,0.05,240,0.07,2355,0.71
Community Colleges,Cape Cod Community College,2015,3627,2210,0.61,1409,0.39,8,0,33,0.01,81,0.02,214,0.06,279,0.08,4,0,155,0.04,168,0.05,2693,0.74
Community Colleges,Cape Cod Community College,2014,3818,2374,0.62,1427,0.37,17,0,23,0.01,85,0.02,202,0.05,268,0.07,4,0,168,0.04,192,0.05,2876,0.75
Community Colleges,Greenfield Community College,2024,1689,1040,0.62,617,0.37,32,0.02,6,0,52,0.03,99,0.06,237,0.14,0,0,62,0.04,58,0.03,1175,0.7
Community Colleges,Greenfield Community College,2023,1544,938,0.61,556,0.36,50,0.03,5,0,45,0.03,84,0.05,196,0.13,0,0,63,0.04,78,0.05,1073,0.69
Community Colleges,Greenfield Community College,2022,1419,886,0.62,476,0.34,57,0.04,3,0,60,0.04,79,0.06,159,0.11,0,0,62,0.04,52,0.04,1004,0.71
Community Colleges,Greenfield Community College,2021,1433,890,0.62,490,0.34,53,0.04,3,0,53,0.04,67,0.05,148,0.1,0,0,54,0.04,51,0.04,1057,0.74
Community Colleges,Greenfield Community College,2020,1620,976,0.6,599,0.37,45,0.03,1,0,59,0.04,74,0.05,170,0.1,0,0,61,0.04,52,0.03,1203,0.74
Community Colleges,Greenfield Community College,2019,1761,1081,0.61,630,0.36,50,0.03,2,0,56,0.03,73,0.04,168,0.1,0,0,63,0.04,94,0.05,1305,0.74
Community Colleges,Greenfield Community College,2018,1822,1113,0.61,676,0.37,33,0.02,4,0,73,0.04,84,0.05,152,0.08,1,0,65,0.04,110,0.06,1333,0.73
Community Colleges,Greenfield Community College,2017,1830,1109,0.61,697,0.38,24,0.01,7,0,70,0.04,66,0.04,153,0.08,2,0,64,0.03,94,0.05,1374,0.75
Community Colleges,Greenfield Community College,2016,1957,1176,0.6,759,0.39,22,0.01,9,0,71,0.04,64,0.03,152,0.08,1,0,82,0.04,78,0.04,1500,0.77
Community Colleges,Greenfield Community College,2015,2050,1225,0.6,812,0.4,13,0.01,10,0,73,0.04,57,0.03,127,0.06,0,0,83,0.04,67,0.03,1633,0.8
Community Colleges,Greenfield Community College,2014,2127,1273,0.6,839,0.39,15,0.01,12,0.01,80,0.04,61,0.03,146,0.07,0,0,73,0.03,63,0.03,1692,0.8
Community Colleges,Holyoke Community College,2024,4200,2586,0.62,1319,0.31,295,0.07,15,0,113,0.03,304,0.07,1339,0.32,43,0.01,168,0.04,118,0.03,2100,0.5
Community Colleges,Holyoke Community College,2023,3706,2288,0.62,1178,0.32,240,0.06,9,0,99,0.03,243,0.07,1184,0.32,24,0.01,152,0.04,102,0.03,1893,0.51
Community Colleges,Holyoke Community College,2022,3550,2213,0.62,1164,0.33,173,0.05,7,0,120,0.03,230,0.06,1014,0.29,24,0.01,139,0.04,75,0.02,1941,0.55
Community Colleges,Holyoke Community College,2021,3744,2369,0.63,1240,0.33,135,0.04,11,0,120,0.03,221,0.06,969,0.26,17,0,149,0.04,97,0.03,2160,0.58
Community Colleges,Holyoke Community College,2020,4217,2722,0.65,1364,0.32,131,0.03,10,0,126,0.03,250,0.06,1098,0.26,25,0.01,141,0.03,103,0.02,2464,0.58
Community Colleges,Holyoke Community College,2019,4886,3007,0.62,1719,0.35,160,0.03,18,0,136,0.03,301,0.06,1337,0.27,37,0.01,173,0.04,126,0.03,2758,0.56
Community Colleges,Holyoke Community College,2018,5206,3198,0.61,1861,0.36,147,0.03,17,0,141,0.03,327,0.06,1381,0.27,39,0.01,175,0.03,120,0.02,3006,0.58
Community Colleges,Holyoke Community College,2017,5565,3373,0.61,2074,0.37,118,0.02,20,0,141,0.03,350,0.06,1489,0.27,41,0.01,177,0.03,116,0.02,3231,0.58
Community Colleges,Holyoke Community College,2016,5890,3571,0.61,2211,0.38,108,0.02,26,0,152,0.03,368,0.06,1510,0.26,46,0.01,188,0.03,149,0.03,3451,0.59
Community Colleges,Holyoke Community College,2015,6285,3831,0.61,2418,0.38,36,0.01,29,0,154,0.02,396,0.06,1513,0.24,42,0.01,179,0.03,177,0.03,3795,0.6
Community Colleges,Holyoke Community College,2014,6604,4054,0.61,2517,0.38,33,0,34,0.01,137,0.02,430,0.07,1517,0.23,30,0,202,0.03,181,0.03,4073,0.62
Community Colleges,MassBay Community College,2024,4578,2600,0.57,1903,0.42,75,0.02,10,0,247,0.05,700,0.15,1173,0.26,146,0.03,135,0.03,305,0.07,1862,0.41
Community Colleges,MassBay Community College,2023,3973,2297,0.58,1614,0.41,62,0.02,5,0,231,0.06,619,0.16,959,0.24,142,0.04,128,0.03,313,0.08,1576,0.4
Community Colleges,MassBay Community College,2022,3497,1940,0.55,1485,0.42,72,0.02,8,0,193,0.06,475,0.14,829,0.24,119,0.03,115,0.03,279,0.08,1479,0.42
Community Colleges,MassBay Community College,2021,3423,1930,0.56,1448,0.42,45,0.01,7,0,196,0.06,507,0.15,785,0.23,83,0.02,93,0.03,170,0.05,1582,0.46
Community Colleges,MassBay Community College,2020,3762,2061,0.55,1637,0.44,64,0.02,9,0,187,0.05,519,0.14,812,0.22,78,0.02,103,0.03,240,0.06,1814,0.48
Community Colleges,MassBay Community College,2019,4048,2070,0.51,1876,0.46,102,0.03,16,0,192,0.05,563,0.14,837,0.21,78,0.02,100,0.02,265,0.07,1997,0.49
Community Colleges,MassBay Community College,2018,4368,2258,0.52,2003,0.46,107,0.02,16,0,211,0.05,634,0.15,823,0.19,73,0.02,85,0.02,284,0.07,2242,0.51
Community Colleges,MassBay Community College,2017,4629,2375,0.51,2145,0.46,109,0.02,15,0,254,0.05,602,0.13,818,0.18,88,0.02,80,0.02,315,0.07,2457,0.53
Community Colleges,MassBay Community College,2016,4855,2533,0.52,2217,0.46,105,0.02,32,0.01,274,0.06,704,0.15,799,0.16,93,0.02,6,0,340,0.07,2607,0.54
Community Colleges,MassBay Community College,2015,4859,2580,0.53,2216,0.46,63,0.01,19,0,230,0.05,699,0.14,686,0.14,83,0.02,16,0,669,0.14,2457,0.51
Community Colleges,MassBay Community College,2014,5369,2928,0.55,2400,0.45,41,0.01,32,0.01,286,0.05,832,0.15,788,0.15,3,0,8,0,593,0.11,2827,0.53
Community Colleges,Massasoit Community College,2024,5574,3443,0.62,2131,0.38,0,0,13,0,146,0.03,1839,0.33,700,0.13,3,0,231,0.04,308,0.06,2334,0.42
Community Colleges,Massasoit Community College,2023,5029,3059,0.61,1927,0.38,43,0.01,13,0,146,0.03,1782,0.35,633,0.13,41,0.01,198,0.04,133,0.03,2083,0.41
Community Colleges,Massasoit Community College,2022,4812,2933,0.61,1846,0.38,33,0.01,14,0,116,0.02,1584,0.33,503,0.1,24,0,202,0.04,284,0.06,2085,0.43
Community Colleges,Massasoit Community College,2021,5482,3351,0.61,2079,0.38,52,0.01,22,0,136,0.02,1851,0.34,544,0.1,2,0,203,0.04,221,0.04,2503,0.46
Community Colleges,Massasoit Community College,2020,5665,3502,0.62,2163,0.38,0,0,13,0,135,0.02,1676,0.3,493,0.09,36,0.01,207,0.04,339,0.06,2766,0.49
Community Colleges,Massasoit Community College,2019,6637,3940,0.59,2695,0.41,2,0,16,0,121,0.02,2033,0.31,531,0.08,36,0.01,230,0.03,491,0.07,3179,0.48
Community Colleges,Massasoit Community College,2018,6995,4021,0.57,2974,0.43,0,0,26,0,148,0.02,2219,0.32,552,0.08,30,0,261,0.04,426,0.06,3333,0.48
Community Colleges,Massasoit Community College,2017,7162,4025,0.56,3137,0.44,0,0,20,0,140,0.02,2071,0.29,554,0.08,28,0,256,0.04,421,0.06,3672,0.51
Community Colleges,Massasoit Community College,2016,7471,4184,0.56,3287,0.44,0,0,16,0,153,0.02,2066,0.28,568,0.08,37,0,203,0.03,371,0.05,4057,0.54
Community Colleges,Massasoit Community College,2015,7637,4283,0.56,3354,0.44,0,0,28,0,126,0.02,2122,0.28,586,0.08,37,0,243,0.03,278,0.04,4217,0.55
Community Colleges,Massasoit Community College,2014,7905,4446,0.56,3459,0.44,0,0,26,0,145,0.02,2141,0.27,527,0.07,2,0,297,0.04,317,0.04,4450,0.56
Community Colleges,Middlesex Community College,2024,9374,5486,0.59,3655,0.39,232,0.02,15,0,1508,0.16,818,0.09,1760,0.19,506,0.05,348,0.04,166,0.02,4253,0.45
Community Colleges,Middlesex Community College,2023,8280,4801,0.58,3413,0.41,66,0.01,17,0,1406,0.17,711,0.09,1603,0.19,415,0.05,328,0.04,70,0.01,3730,0.45
Community Colleges,Middlesex Community College,2022,7770,4589,0.59,3075,0.4,106,0.01,7,0,1261,0.16,700,0.09,1518,0.2,216,0.03,237,0.03,132,0.02,3699,0.48
Community Colleges,Middlesex Community College,2021,7134,4324,0.61,2783,0.39,27,0,8,0,1051,0.15,625,0.09,1266,0.18,150,0.02,207,0.03,65,0.01,3762,0.53
Community Colleges,Middlesex Community College,2020,6885,4260,0.62,2586,0.38,39,0.01,8,0,884,0.13,588,0.09,1142,0.17,137,0.02,171,0.02,55,0.01,3900,0.57
Community Colleges,Middlesex Community College,2019,7569,4409,0.58,3160,0.42,0,0,14,0,962,0.13,629,0.08,1382,0.18,153,0.02,204,0.03,24,0,4201,0.56
Community Colleges,Middlesex Community College,2018,8090,4716,0.58,3349,0.41,25,0,13,0,1041,0.13,612,0.08,1426,0.18,154,0.02,221,0.03,45,0.01,4578,0.57
Community Colleges,Middlesex Community College,2017,8206,4702,0.57,3504,0.43,0,0,15,0,1079,0.13,659,0.08,1402,0.17,153,0.02,203,0.02,58,0.01,4637,0.57
Community Colleges,Middlesex Community College,2016,8617,5033,0.58,3584,0.42,0,0,16,0,1094,0.13,644,0.07,1606,0.19,140,0.02,188,0.02,24,0,4905,0.57
Community Colleges,Middlesex Community College,2015,9021,5204,0.58,3817,0.42,0,0,16,0,1116,0.12,670,0.07,1604,0.18,130,0.01,168,0.02,26,0,5291,0.59
Community Colleges,Middlesex Community College,2014,9205,5306,0.58,3899,0.42,0,0,21,0,1060,0.12,665,0.07,1614,0.18,134,0.01,180,0.02,46,0,5485,0.6
Community Colleges,Mt. Wachusett Community College,2024,3826,2411,0.63,1320,0.35,95,0.02,7,0,119,0.03,406,0.11,912,0.24,7,0,90,0.02,177,0.05,2108,0.55
Community Colleges,Mt. Wachusett Community College,2023,3313,2074,0.63,1150,0.35,89,0.03,8,0,89,0.03,363,0.11,759,0.23,9,0,115,0.03,86,0.03,1884,0.57
Community Colleges,Mt. Wachusett Community College,2022,2947,1932,0.66,965,0.33,50,0.02,5,0,92,0.03,310,0.11,575,0.2,13,0,102,0.03,55,0.02,1795,0.61
Community Colleges,Mt. Wachusett Community College,2021,3156,2120,0.67,995,0.32,41,0.01,4,0,76,0.02,316,0.1,578,0.18,13,0,118,0.04,45,0.01,2006,0.64
Community Colleges,Mt. Wachusett Community College,2020,3187,2146,0.67,998,0.31,43,0.01,5,0,81,0.03,279,0.09,606,0.19,19,0.01,134,0.04,41,0.01,2022,0.63
Community Colleges,Mt. Wachusett Community College,2019,3674,2340,0.64,1264,0.34,70,0.02,8,0,93,0.03,325,0.09,644,0.18,24,0.01,48,0.01,88,0.02,2444,0.67
Community Colleges,Mt. Wachusett Community College,2018,3724,2317,0.62,1345,0.36,62,0.02,12,0,100,0.03,309,0.08,589,0.16,22,0.01,69,0.02,100,0.03,2523,0.68
Community Colleges,Mt. Wachusett Community College,2017,3854,2437,0.63,1338,0.35,79,0.02,16,0,95,0.02,293,0.08,618,0.16,13,0,88,0.02,103,0.03,2628,0.68
Community Colleges,Mt. Wachusett Community College,2016,3961,2532,0.64,1348,0.34,81,0.02,20,0.01,105,0.03,292,0.07,617,0.16,11,0,106,0.03,80,0.02,2730,0.69
Community Colleges,Mt. Wachusett Community College,2015,4074,2591,0.64,1415,0.35,68,0.02,23,0.01,86,0.02,302,0.07,617,0.15,17,0,96,0.02,62,0.02,2871,0.7
Community Colleges,Mt. Wachusett Community College,2014,4336,2737,0.63,1524,0.35,75,0.02,21,0,89,0.02,318,0.07,639,0.15,19,0,107,0.02,75,0.02,3068,0.71
Community Colleges,North Shore Community College,2024,5743,3654,0.64,2014,0.35,75,0.01,21,0,232,0.04,524,0.09,2047,0.36,7,0,355,0.06,483,0.08,2074,0.36
Community Colleges,North Shore Community College,2023,4833,3073,0.64,1707,0.35,53,0.01,10,0,211,0.04,460,0.1,1641,0.34,10,0,296,0.06,350,0.07,1855,0.38
Community Colleges,North Shore Community College,2022,4391,2831,0.64,1523,0.35,37,0.01,8,0,200,0.05,438,0.1,1394,0.32,13,0,278,0.06,151,0.03,1909,0.43
Community Colleges,North Shore Community College,2021,4573,2935,0.64,1599,0.35,39,0.01,8,0,193,0.04,419,0.09,1319,0.29,9,0,293,0.06,77,0.02,2255,0.49
Community Colleges,North Shore Community College,2020,4783,3145,0.66,1581,0.33,57,0.01,14,0,196,0.04,444,0.09,1291,0.27,9,0,291,0.06,111,0.02,2427,0.51
Community Colleges,North Shore Community College,2019,5388,3401,0.63,1975,0.37,12,0,11,0,198,0.04,580,0.11,1501,0.28,5,0,275,0.05,67,0.01,2751,0.51
Community Colleges,North Shore Community College,2018,5763,3613,0.63,2147,0.37,3,0,9,0,232,0.04,587,0.1,1470,0.26,3,0,194,0.03,66,0.01,3202,0.56
Community Colleges,North Shore Community College,2017,6087,3746,0.62,2338,0.38,3,0,10,0,260,0.04,616,0.1,1478,0.24,4,0,162,0.03,55,0.01,3502,0.58
Community Colleges,North Shore Community College,2016,6315,3861,0.61,2454,0.39,0,0,11,0,303,0.05,577,0.09,1511,0.24,6,0,155,0.02,96,0.02,3656,0.58
Community Colleges,North Shore Community College,2015,6961,4272,0.61,2689,0.39,0,0,13,0,303,0.04,639,0.09,1629,0.23,9,0,176,0.03,137,0.02,4055,0.58
Community Colleges,North Shore Community College,2014,7412,4480,0.6,2932,0.4,0,0,16,0,324,0.04,709,0.1,1634,0.22,12,0,175,0.02,142,0.02,4400,0.59
Community Colleges,Northern Essex Community College,2024,4719,2987,0.63,1732,0.37,0,0,12,0,108,0.02,272,0.06,2311,0.49,98,0.02,108,0.02,122,0.03,1688,0.36
Community Colleges,Northern Essex Community College,2023,4510,2813,0.62,1683,0.37,14,0,9,0,108,0.02,223,0.05,2180,0.48,67,0.01,75,0.02,133,0.03,1715,0.38
Community Colleges,Northern Essex Community College,2022,4339,2731,0.63,1608,0.37,0,0,3,0,107,0.02,207,0.05,1986,0.46,56,0.01,71,0.02,109,0.03,1800,0.41
Community Colleges,Northern Essex Community College,2021,4770,3127,0.66,1643,0.34,0,0,7,0,117,0.02,210,0.04,2085,0.44,45,0.01,92,0.02,101,0.02,2113,0.44
Community Colleges,Northern Essex Community College,2020,4715,3070,0.65,1644,0.35,1,0,10,0,110,0.02,206,0.04,1975,0.42,40,0.01,77,0.02,138,0.03,2159,0.46
Community Colleges,Northern Essex Community College,2019,4932,3027,0.61,1904,0.39,1,0,9,0,125,0.03,207,0.04,2172,0.44,48,0.01,81,0.02,177,0.04,2113,0.43
Community Colleges,Northern Essex Community College,2018,5233,3167,0.61,2066,0.39,0,0,7,0,136,0.03,206,0.04,2275,0.43,45,0.01,75,0.01,146,0.03,2343,0.45
Community Colleges,Northern Essex Community College,2017,5726,3496,0.61,2228,0.39,2,0,10,0,142,0.02,230,0.04,2407,0.42,37,0.01,75,0.01,235,0.04,2590,0.45
Community Colleges,Northern Essex Community College,2016,5976,3594,0.6,2382,0.4,0,0,11,0,162,0.03,259,0.04,2333,0.39,35,0.01,71,0.01,185,0.03,2920,0.49
Community Colleges,Northern Essex Community College,2015,6628,4067,0.61,2561,0.39,0,0,13,0,171,0.03,248,0.04,2579,0.39,41,0.01,68,0.01,142,0.02,3366,0.51
Community Colleges,Northern Essex Community College,2014,6963,4283,0.62,2680,0.38,0,0,11,0,164,0.02,279,0.04,2575,0.37,39,0.01,85,0.01,237,0.03,3573,0.51
Community Colleges,Quinsigamond Community College,2024,7811,4861,0.62,2950,0.38,0,0,27,0,445,0.06,1303,0.17,1986,0.25,47,0.01,258,0.03,471,0.06,3274,0.42
Community Colleges,Quinsigamond Community College,2023,6928,4249,0.61,2679,0.39,0,0,32,0,415,0.06,1109,0.16,1679,0.24,36,0.01,217,0.03,440,0.06,3000,0.43
Community Colleges,Quinsigamond Community College,2022,6491,4062,0.63,2429,0.37,0,0,35,0.01,368,0.06,955,0.15,1520,0.23,28,0,190,0.03,361,0.06,3034,0.47
Community Colleges,Quinsigamond Community College,2021,6916,4406,0.64,2510,0.36,0,0,30,0,387,0.06,1014,0.15,1417,0.2,28,0,205,0.03,291,0.04,3544,0.51
Community Colleges,Quinsigamond Community College,2020,6948,4357,0.63,2591,0.37,0,0,27,0,354,0.05,941,0.14,1494,0.22,26,0,195,0.03,256,0.04,3655,0.53
Community Colleges,Quinsigamond Community College,2019,7293,4314,0.59,2979,0.41,0,0,30,0,377,0.05,1037,0.14,1566,0.21,30,0,221,0.03,268,0.04,3764,0.52
Community Colleges,Quinsigamond Community College,2018,7264,4235,0.58,3029,0.42,0,0,27,0,388,0.05,975,0.13,1448,0.2,36,0,205,0.03,225,0.03,3960,0.55
Community Colleges,Quinsigamond Community College,2017,7368,4249,0.58,3119,0.42,0,0,29,0,362,0.05,953,0.13,1359,0.18,43,0.01,209,0.03,229,0.03,4184,0.57
Community Colleges,Quinsigamond Community College,2016,7698,4386,0.57,3312,0.43,0,0,31,0,358,0.05,952,0.12,1383,0.18,40,0.01,173,0.02,279,0.04,4482,0.58
Community Colleges,Quinsigamond Community College,2015,8063,4692,0.58,3371,0.42,0,0,34,0,330,0.04,1032,0.13,1462,0.18,29,0,174,0.02,310,0.04,4692,0.58
Community Colleges,Quinsigamond Community College,2014,8450,4843,0.57,3607,0.43,0,0,32,0,377,0.04,1059,0.13,1415,0.17,22,0,172,0.02,383,0.05,4990,0.59
Community Colleges,Roxbury Community College,2024,2194,1467,0.67,690,0.31,37,0.02,10,0,50,0.02,1195,0.54,495,0.23,163,0.07,49,0.02,97,0.04,135,0.06
Community Colleges,Roxbury Community College,2023,1733,1138,0.66,556,0.32,39,0.02,3,0,21,0.01,1405,0.81,192,0.11,31,0.02,21,0.01,20,0.01,40,0.02
Community Colleges,Roxbury Community College,2022,1214,820,0.68,385,0.32,9,0.01,4,0,25,0.02,909,0.75,184,0.15,11,0.01,23,0.02,11,0.01,47,0.04
Community Colleges,Roxbury Community College,2021,1133,751,0.66,379,0.33,3,0,3,0,31,0.03,716,0.63,216,0.19,9,0.01,25,0.02,74,0.07,59,0.05
Community Colleges,Roxbury Community College,2020,1202,807,0.67,394,0.33,1,0,4,0,26,0.02,751,0.62,262,0.22,11,0.01,31,0.03,26,0.02,91,0.08
Community Colleges,Roxbury Community College,2019,1752,1158,0.66,588,0.34,6,0,9,0.01,41,0.02,1110,0.63,355,0.2,22,0.01,44,0.03,45,0.03,126,0.07
Community Colleges,Roxbury Community College,2018,2007,1395,0.7,612,0.3,0,0,6,0,38,0.02,1309,0.65,380,0.19,35,0.02,49,0.02,50,0.02,140,0.07
Community Colleges,Roxbury Community College,2017,1926,1340,0.7,583,0.3,3,0,8,0,37,0.02,1220,0.63,376,0.2,35,0.02,42,0.02,61,0.03,147,0.08
Community Colleges,Roxbury Community College,2016,2086,1453,0.7,628,0.3,5,0,17,0.01,39,0.02,1412,0.68,333,0.16,40,0.02,33,0.02,72,0.03,140,0.07
Community Colleges,Roxbury Community College,2015,2252,1590,0.71,661,0.29,1,0,10,0,49,0.02,1548,0.69,351,0.16,32,0.01,5,0,104,0.05,153,0.07
Community Colleges,Roxbury Community College,2014,2404,1670,0.69,734,0.31,0,0,10,0,55,0.02,1367,0.57,407,0.17,15,0.01,8,0,393,0.16,149,0.06
Community Colleges,Springfield Technical Community College,2024,5447,3406,0.63,1975,0.36,66,0.01,9,0,162,0.03,831,0.15,2189,0.4,59,0.01,205,0.04,250,0.05,1742,0.32
Community Colleges,Springfield Technical Community College,2023,4561,2732,0.6,1723,0.38,106,0.02,7,0,191,0.04,635,0.14,1566,0.34,13,0,153,0.03,315,0.07,1681,0.37
Community Colleges,Springfield Technical Community College,2022,3945,2348,0.6,1562,0.4,35,0.01,11,0,166,0.04,541,0.14,1284,0.33,48,0.01,125,0.03,231,0.06,1539,0.39
Community Colleges,Springfield Technical Community College,2021,4020,2482,0.62,1504,0.37,34,0.01,17,0,150,0.04,549,0.14,1270,0.32,52,0.01,149,0.04,269,0.07,1564,0.39
Community Colleges,Springfield Technical Community College,2020,4327,2659,0.61,1659,0.38,9,0,13,0,184,0.04,584,0.13,1304,0.3,55,0.01,151,0.03,220,0.05,1816,0.42
Community Colleges,Springfield Technical Community College,2019,5066,2981,0.59,2076,0.41,9,0,12,0,182,0.04,718,0.14,1533,0.3,52,0.01,160,0.03,321,0.06,2088,0.41
Community Colleges,Springfield Technical Community College,2018,4921,2879,0.59,2034,0.41,8,0,19,0,180,0.04,760,0.15,1432,0.29,52,0.01,171,0.03,135,0.03,2172,0.44
Community Colleges,Springfield Technical Community College,2017,5343,3128,0.59,2207,0.41,8,0,13,0,191,0.04,870,0.16,1532,0.29,46,0.01,172,0.03,242,0.05,2277,0.43
Community Colleges,Springfield Technical Community College,2016,5622,3229,0.57,2390,0.43,3,0,22,0,198,0.04,918,0.16,1612,0.29,46,0.01,136,0.02,4,0,2686,0.48
Community Colleges,Springfield Technical Community College,2015,6286,3608,0.57,2678,0.43,0,0,34,0.01,223,0.04,1013,0.16,1731,0.28,50,0.01,108,0.02,39,0.01,3088,0.49
Community Colleges,Springfield Technical Community College,2014,6622,3823,0.58,2799,0.42,0,0,35,0.01,213,0.03,1030,0.16,1734,0.26,52,0.01,132,0.02,30,0,3396,0.51
State Universities,Bridgewater State University,2024,8270,4791,0.58,3479,0.42,0,0,11,0,201,0.02,943,0.11,864,0.1,75,0.01,643,0.08,60,0.01,5473,0.66
State Universities,Bridgewater State University,2023,8172,4747,0.58,3425,0.42,0,0,8,0,180,0.02,885,0.11,806,0.1,93,0.01,566,0.07,40,0,5594,0.68
State Universities,Bridgewater State University,2022,8116,4725,0.58,3391,0.42,0,0,21,0,174,0.02,869,0.11,759,0.09,88,0.01,497,0.06,30,0,5678,0.7
State Universities,Bridgewater State University,2021,8369,4965,0.59,3404,0.41,0,0,12,0,173,0.02,963,0.12,703,0.08,76,0.01,448,0.05,42,0.01,5952,0.71
State Universities,Bridgewater State University,2020,9028,5396,0.6,3622,0.4,10,0,15,0,180,0.02,1056,0.12,742,0.08,29,0,476,0.05,104,0.01,6426,0.71
State Universities,Bridgewater State University,2019,9463,5552,0.59,3911,0.41,0,0,14,0,195,0.02,1114,0.12,747,0.08,69,0.01,496,0.05,98,0.01,6730,0.71
State Universities,Bridgewater State University,2018,9504,5580,0.59,3924,0.41,0,0,15,0,178,0.02,1076,0.11,670,0.07,66,0.01,460,0.05,87,0.01,6952,0.73
State Universities,Bridgewater State University,2017,9558,5616,0.59,3942,0.41,0,0,17,0,193,0.02,1076,0.11,679,0.07,39,0,408,0.04,58,0.01,7088,0.74
State Universities,Bridgewater State University,2016,9562,5600,0.59,3962,0.41,0,0,17,0,172,0.02,1010,0.11,633,0.07,59,0.01,349,0.04,72,0.01,7250,0.76
State Universities,Bridgewater State University,2015,9608,5644,0.59,3964,0.41,0,0,20,0,203,0.02,911,0.09,577,0.06,34,0,314,0.03,70,0.01,7479,0.78
State Universities,Bridgewater State University,2014,9628,5674,0.59,3954,0.41,0,0,26,0,202,0.02,875,0.09,573,0.06,36,0,271,0.03,87,0.01,7558,0.79
State Universities,Fitchburg State University,2024,3027,1547,0.51,1393,0.46,87,0.03,4,0,97,0.03,409,0.14,525,0.17,43,0.01,110,0.04,84,0.03,1755,0.58
State Universities,Fitchburg State University,2023,3130,1647,0.53,1472,0.47,11,0,4,0,97,0.03,386,0.12,490,0.16,38,0.01,99,0.03,74,0.02,1942,0.62
State Universities,Fitchburg State University,2022,3168,1722,0.54,1446,0.46,0,0,8,0,92,0.03,387,0.12,501,0.16,25,0.01,86,0.03,66,0.02,2003,0.63
State Universities,Fitchburg State University,2021,3349,1800,0.54,1549,0.46,0,0,8,0,88,0.03,426,0.13,484,0.14,21,0.01,82,0.02,59,0.02,2181,0.65
State Universities,Fitchburg State University,2020,3815,2045,0.54,1770,0.46,0,0,7,0,103,0.03,432,0.11,511,0.13,18,0,111,0.03,100,0.03,2533,0.66
State Universities,Fitchburg State University,2019,4044,2149,0.53,1895,0.47,0,0,7,0,107,0.03,426,0.11,500,0.12,23,0.01,146,0.04,46,0.01,2789,0.69
State Universities,Fitchburg State University,2018,4163,2209,0.53,1954,0.47,0,0,6,0,96,0.02,444,0.11,525,0.13,14,0,147,0.04,38,0.01,2893,0.69
State Universities,Fitchburg State University,2017,4117,2177,0.53,1940,0.47,0,0,4,0,110,0.03,404,0.1,509,0.12,15,0,143,0.03,30,0.01,2902,0.7
State Universities,Fitchburg State University,2016,4162,2206,0.53,1955,0.47,1,0,6,0,98,0.02,399,0.1,469,0.11,19,0,140,0.03,39,0.01,2992,0.72
State Universities,Fitchburg State University,2015,4270,2310,0.54,1960,0.46,0,0,3,0,106,0.02,379,0.09,464,0.11,22,0.01,127,0.03,57,0.01,3112,0.73
State Universities,Fitchburg State University,2014,4212,2358,0.56,1854,0.44,0,0,4,0,92,0.02,313,0.07,411,0.1,20,0,121,0.03,57,0.01,3194,0.76
State Universities,Framingham State University,2024,2782,1517,0.55,1255,0.45,10,0,8,0,107,0.04,460,0.17,666,0.24,45,0.02,94,0.03,75,0.03,1327,0.48
State Universities,Framingham State University,2023,2817,1544,0.55,1271,0.45,2,0,4,0,110,0.04,447,0.16,654,0.23,31,0.01,120,0.04,19,0.01,1432,0.51
State Universities,Framingham State University,2022,2970,1623,0.55,1343,0.45,4,0,6,0,106,0.04,488,0.16,643,0.22,15,0.01,115,0.04,33,0.01,1564,0.53
State Universities,Framingham State University,2021,3213,1815,0.56,1398,0.44,0,0,3,0,117,0.04,479,0.15,598,0.19,35,0.01,128,0.04,34,0.01,1819,0.57
State Universities,Framingham State University,2020,3520,2025,0.58,1495,0.42,0,0,6,0,111,0.03,511,0.15,606,0.17,36,0.01,132,0.04,24,0.01,2094,0.59
State Universities,Framingham State University,2019,3864,2178,0.56,1686,0.44,0,0,3,0,137,0.04,508,0.13,644,0.17,14,0,158,0.04,42,0.01,2358,0.61
State Universities,Framingham State University,2018,3937,2278,0.58,1659,0.42,0,0,4,0,116,0.03,466,0.12,624,0.16,15,0,169,0.04,44,0.01,2499,0.63
State Universities,Framingham State University,2017,4126,2440,0.59,1686,0.41,0,0,4,0,133,0.03,464,0.11,577,0.14,23,0.01,163,0.04,61,0.01,2701,0.65
State Universities,Framingham State University,2016,4337,2635,0.61,1702,0.39,0,0,7,0,126,0.03,460,0.11,509,0.12,20,0,166,0.04,77,0.02,2972,0.69
State Universities,Framingham State University,2015,4478,2818,0.63,1660,0.37,0,0,9,0,133,0.03,386,0.09,481,0.11,12,0,159,0.04,57,0.01,3241,0.72
State Universities,Framingham State University,2014,4609,2913,0.63,1696,0.37,0,0,7,0,132,0.03,361,0.08,423,0.09,30,0.01,159,0.03,63,0.01,3434,0.75
State Universities,Massachusetts College of Art and Design,2024,1871,1349,0.72,456,0.24,66,0.04,1,0,125,0.07,91,0.05,286,0.15,64,0.03,105,0.06,123,0.07,1076,0.58
State Universities,Massachusetts College of Art and Design,2023,1876,1342,0.72,452,0.24,82,0.04,1,0,144,0.08,81,0.04,265,0.14,67,0.04,96,0.05,149,0.08,1073,0.57
State Universities,Massachusetts College of Art and Design,2022,1833,1299,0.71,444,0.24,90,0.05,2,0,141,0.08,71,0.04,258,0.14,83,0.05,96,0.05,174,0.09,1008,0.55
State Universities,Massachusetts College of Art and Design,2021,1778,1247,0.7,449,0.25,82,0.05,1,0,139,0.08,71,0.04,232,0.13,80,0.04,77,0.04,152,0.09,1026,0.58
State Universities,Massachusetts College of Art and Design,2020,1769,1271,0.72,453,0.26,45,0.03,1,0,140,0.08,88,0.05,212,0.12,66,0.04,77,0.04,153,0.09,1032,0.58
State Universities,Massachusetts College of Art and Design,2019,1955,1385,0.71,522,0.27,48,0.02,3,0,142,0.07,93,0.05,205,0.1,86,0.04,73,0.04,182,0.09,1171,0.6
State Universities,Massachusetts College of Art and Design,2018,1947,1340,0.69,504,0.26,103,0.05,3,0,182,0.09,91,0.05,198,0.1,56,0.03,36,0.02,210,0.11,1171,0.6
State Universities,Massachusetts College of Art and Design,2017,1923,1308,0.68,530,0.28,85,0.04,4,0,160,0.08,87,0.05,198,0.1,74,0.04,35,0.02,180,0.09,1185,0.62
State Universities,Massachusetts College of Art and Design,2016,1835,1282,0.7,512,0.28,41,0.02,6,0,145,0.08,75,0.04,182,0.1,79,0.04,12,0.01,183,0.1,1153,0.63
State Universities,Massachusetts College of Art and Design,2015,1873,1333,0.71,533,0.28,7,0,5,0,149,0.08,59,0.03,171,0.09,69,0.04,24,0.01,237,0.13,1159,0.62
State Universities,Massachusetts College of Art and Design,2014,1967,1384,0.7,581,0.3,2,0,7,0,134,0.07,60,0.03,161,0.08,62,0.03,41,0.02,266,0.14,1236,0.63
State Universities,Massachusetts College of Liberal Arts,2024,794,440,0.55,343,0.43,11,0.01,2,0,15,0.02,64,0.08,56,0.07,10,0.01,40,0.05,19,0.02,588,0.74
State Universities,Massachusetts College of Liberal Arts,2023,836,456,0.55,362,0.43,18,0.02,2,0,18,0.02,69,0.08,80,0.1,8,0.01,32,0.04,25,0.03,602,0.72
State Universities,Massachusetts College of Liberal Arts,2022,837,474,0.57,352,0.42,11,0.01,3,0,24,0.03,83,0.1,89,0.11,0,0,34,0.04,29,0.03,575,0.69
State Universities,Massachusetts College of Liberal Arts,2021,870,525,0.6,340,0.39,5,0.01,4,0,16,0.02,80,0.09,92,0.11,0,0,35,0.04,29,0.03,614,0.71
State Universities,Massachusetts College of Liberal Arts,2020,1076,653,0.61,393,0.37,30,0.03,1,0,16,0.01,94,0.09,119,0.11,0,0,28,0.03,55,0.05,763,0.71
State Universities,Massachusetts College of Liberal Arts,2019,1345,829,0.62,513,0.38,3,0,2,0,26,0.02,141,0.1,136,0.1,3,0,39,0.03,37,0.03,961,0.71
State Universities,Massachusetts College of Liberal Arts,2018,1277,790,0.62,486,0.38,1,0,4,0,31,0.02,109,0.09,128,0.1,6,0,41,0.03,29,0.02,929,0.73
State Universities,Massachusetts College of Liberal Arts,2017,1407,865,0.61,540,0.38,2,0,5,0,35,0.02,119,0.08,124,0.09,8,0.01,44,0.03,28,0.02,1044,0.74
State Universities,Massachusetts College of Liberal Arts,2016,1444,898,0.62,542,0.38,4,0,7,0,31,0.02,135,0.09,110,0.08,8,0.01,34,0.02,47,0.03,1072,0.74
State Universities,Massachusetts College of Liberal Arts,2015,1457,914,0.63,539,0.37,4,0,8,0.01,30,0.02,136,0.09,114,0.08,6,0,43,0.03,46,0.03,1074,0.74
State Universities,Massachusetts College of Liberal Arts,2014,1562,968,0.62,587,0.38,7,0,6,0,27,0.02,143,0.09,111,0.07,7,0,44,0.03,60,0.04,1164,0.75
State Universities,Massachusetts Maritime Academy,2024,1407,206,0.15,1196,0.85,5,0,7,0,17,0.01,21,0.01,84,0.06,21,0.01,54,0.04,68,0.05,1135,0.81
State Universities,Massachusetts Maritime Academy,2023,1271,183,0.14,1088,0.86,0,0,10,0.01,13,0.01,18,0.01,70,0.06,20,0.02,39,0.03,40,0.03,1061,0.83
State Universities,Massachusetts Maritime Academy,2022,1327,180,0.14,1146,0.86,1,0,16,0.01,14,0.01,13,0.01,68,0.05,12,0.01,27,0.02,24,0.02,1153,0.87
State Universities,Massachusetts Maritime Academy,2021,1433,189,0.13,1244,0.87,0,0,14,0.01,32,0.02,31,0.02,33,0.02,8,0.01,24,0.02,22,0.02,1269,0.89
State Universities,Massachusetts Maritime Academy,2020,1538,203,0.13,1335,0.87,0,0,6,0,19,0.01,17,0.01,62,0.04,3,0,52,0.03,86,0.06,1293,0.84
State Universities,Massachusetts Maritime Academy,2019,1695,214,0.13,1480,0.87,1,0,4,0,22,0.01,21,0.01,71,0.04,10,0.01,45,0.03,71,0.04,1451,0.86
State Universities,Massachusetts Maritime Academy,2018,1709,242,0.14,1463,0.86,4,0,2,0,24,0.01,24,0.01,77,0.05,11,0.01,45,0.03,45,0.03,1481,0.87
State Universities,Massachusetts Maritime Academy,2017,1688,223,0.13,1465,0.87,0,0,3,0,23,0.01,24,0.01,70,0.04,14,0.01,47,0.03,30,0.02,1477,0.88
State Universities,Massachusetts Maritime Academy,2016,1677,213,0.13,1453,0.87,11,0.01,4,0,32,0.02,24,0.01,64,0.04,10,0.01,47,0.03,42,0.03,1454,0.87
State Universities,Massachusetts Maritime Academy,2015,1571,204,0.13,1367,0.87,0,0,5,0,34,0.02,21,0.01,62,0.04,8,0.01,47,0.03,25,0.02,1369,0.87
State Universities,Massachusetts Maritime Academy,2014,1401,173,0.12,1228,0.88,0,0,18,0.01,39,0.03,33,0.02,40,0.03,7,0,1,0,25,0.02,1238,0.88
State Universities,Salem State University,2024,4867,3106,0.64,1747,0.36,14,0,4,0,177,0.04,438,0.09,1270,0.26,197,0.04,186,0.04,97,0.02,2498,0.51
State Universities,Salem State University,2023,4853,3101,0.64,1752,0.36,0,0,11,0,181,0.04,435,0.09,1191,0.25,151,0.03,174,0.04,91,0.02,2619,0.54
State Universities,Salem State University,2022,5078,3328,0.66,1738,0.34,12,0,20,0,183,0.04,499,0.1,1158,0.23,145,0.03,175,0.03,99,0.02,2799,0.55
State Universities,Salem State University,2021,5555,3632,0.65,1913,0.34,10,0,8,0,221,0.04,536,0.1,1178,0.21,138,0.02,192,0.03,85,0.02,3197,0.58
State Universities,Salem State University,2020,5716,3678,0.64,2021,0.35,17,0,7,0,226,0.04,528,0.09,1197,0.21,154,0.03,189,0.03,87,0.02,3328,0.58
State Universities,Salem State University,2019,6273,3906,0.62,2352,0.37,15,0,9,0,216,0.03,576,0.09,1226,0.2,174,0.03,199,0.03,89,0.01,3784,0.6
State Universities,Salem State University,2018,6811,4214,0.62,2557,0.38,40,0.01,9,0,219,0.03,674,0.1,1206,0.18,182,0.03,203,0.03,106,0.02,4212,0.62
State Universities,Salem State University,2017,7110,4378,0.62,2704,0.38,28,0,8,0,245,0.03,716,0.1,1131,0.16,198,0.03,208,0.03,70,0.01,4534,0.64
State Universities,Salem State University,2016,7346,4510,0.61,2815,0.38,21,0,12,0,265,0.04,719,0.1,1041,0.14,227,0.03,194,0.03,65,0.01,4823,0.66
State Universities,Salem State University,2015,7499,4526,0.6,2925,0.39,48,0.01,16,0,251,0.03,664,0.09,920,0.12,280,0.04,187,0.02,69,0.01,5112,0.68
State Universities,Salem State University,2014,7600,4572,0.6,2990,0.39,38,0.01,15,0,252,0.03,670,0.09,886,0.12,321,0.04,159,0.02,75,0.01,5222,0.69
State Universities,Westfield State University,2024,3854,2088,0.54,1662,0.43,6,0,4,0,96,0.02,258,0.07,607,0.16,43,0.01,112,0.03,146,0.04,2588,0.67
State Universities,Westfield State University,2023,3789,2043,0.54,1711,0.45,35,0.01,6,0,83,0.02,244,0.06,521,0.14,37,0.01,123,0.03,246,0.06,2529,0.67
State Universities,Westfield State University,2022,3918,2149,0.55,1724,0.44,45,0.01,15,0,94,0.02,225,0.06,490,0.13,27,0.01,137,0.03,140,0.04,2790,0.71
State Universities,Westfield State University,2021,4239,2352,0.55,1871,0.44,16,0,14,0,93,0.02,217,0.05,482,0.11,19,0,141,0.03,188,0.04,3085,0.73
State Universities,Westfield State University,2020,4633,2574,0.56,2051,0.44,8,0,13,0,76,0.02,266,0.06,597,0.13,18,0,155,0.03,151,0.03,3357,0.72
State Universities,Westfield State University,2019,5071,2801,0.55,2259,0.45,11,0,14,0,91,0.02,275,0.05,544,0.11,22,0,161,0.03,216,0.04,3748,0.74
State Universities,Westfield State University,2018,5350,2926,0.55,2414,0.45,10,0,12,0,85,0.02,285,0.05,604,0.11,24,0,219,0.04,108,0.02,4013,0.75
State Universities,Westfield State University,2017,5552,2967,0.53,2582,0.47,3,0,14,0,96,0.02,292,0.05,580,0.1,29,0.01,248,0.04,107,0.02,4186,0.75
State Universities,Westfield State University,2016,5596,2995,0.54,2597,0.46,4,0,7,0,101,0.02,283,0.05,530,0.09,35,0.01,261,0.05,101,0.02,4278,0.76
State Universities,Westfield State University,2015,5616,3005,0.54,2606,0.46,5,0,15,0,91,0.02,259,0.05,489,0.09,32,0.01,246,0.04,88,0.02,4396,0.78
State Universities,Westfield State University,2014,5590,2949,0.53,2637,0.47,4,0,15,0,71,0.01,246,0.04,479,0.09,25,0,231,0.04,84,0.02,4439,0.79
State Universities,Worcester State University,2024,4892,2888,0.59,1983,0.41,21,0,6,0,258,0.05,503,0.1,1005,0.21,80,0.02,144,0.03,239,0.05,2657,0.54
State Universities,Worcester State University,2023,4734,2821,0.6,1901,0.4,12,0,11,0,255,0.05,438,0.09,834,0.18,65,0.01,135,0.03,326,0.07,2670,0.56
State Universities,Worcester State University,2022,4478,2711,0.61,1767,0.39,0,0,21,0,246,0.05,401,0.09,728,0.16,59,0.01,136,0.03,123,0.03,2764,0.62
State Universities,Worcester State University,2021,4640,2857,0.62,1783,0.38,0,0,12,0,253,0.05,395,0.09,668,0.14,60,0.01,148,0.03,134,0.03,2970,0.64
State Universities,Worcester State University,2020,4958,3046,0.61,1912,0.39,0,0,9,0,274,0.06,444,0.09,692,0.14,60,0.01,163,0.03,91,0.02,3225,0.65
State Universities,Worcester State University,2019,5332,3283,0.62,2049,0.38,0,0,19,0,266,0.05,464,0.09,697,0.13,74,0.01,162,0.03,190,0.04,3460,0.65
State Universities,Worcester State University,2018,5380,3213,0.6,2167,0.4,0,0,19,0,270,0.05,494,0.09,689,0.13,64,0.01,148,0.03,188,0.03,3508,0.65
State Universities,Worcester State University,2017,5495,3232,0.59,2263,0.41,0,0,14,0,254,0.05,477,0.09,665,0.12,62,0.01,150,0.03,184,0.03,3689,0.67
State Universities,Worcester State University,2016,5381,3204,0.6,2177,0.4,0,0,24,0,236,0.04,436,0.08,558,0.1,61,0.01,150,0.03,206,0.04,3710,0.69
State Universities,Worcester State University,2015,5514,3276,0.59,2238,0.41,0,0,21,0,231,0.04,423,0.08,490,0.09,47,0.01,154,0.03,196,0.04,3952,0.72
State Universities,Worcester State University,2014,5563,3333,0.6,2230,0.4,0,0,36,0.01,229,0.04,394,0.07,488,0.09,52,0.01,127,0.02,231,0.04,4006,0.72
University of Massachusetts,University of Massachusetts Amherst,2024,23920,12513,0.52,11407,0.48,0,0,15,0,3283,0.14,1190,0.05,2195,0.09,1862,0.08,1139,0.05,521,0.02,13715,0.57
University of Massachusetts,University of Massachusetts Amherst,2023,23936,12445,0.52,11491,0.48,0,0,19,0,3255,0.14,1131,0.05,2102,0.09,1840,0.08,1012,0.04,515,0.02,14062,0.59
University of Massachusetts,University of Massachusetts Amherst,2022,24391,12548,0.51,11843,0.49,0,0,18,0,3131,0.13,1200,0.05,2070,0.08,1815,0.07,995,0.04,575,0.02,14587,0.6
University of Massachusetts,University of Massachusetts Amherst,2021,24231,12417,0.51,11814,0.49,0,0,24,0,2844,0.12,1315,0.05,2089,0.09,1689,0.07,930,0.04,626,0.03,14714,0.61
University of Massachusetts,University of Massachusetts Amherst,2020,24233,12267,0.51,11966,0.49,0,0,25,0,2680,0.11,1436,0.06,1924,0.08,1671,0.07,848,0.03,735,0.03,14914,0.62
University of Massachusetts,University of Massachusetts Amherst,2019,24209,12080,0.5,12129,0.5,0,0,20,0,2557,0.11,1153,0.05,1802,0.07,1807,0.07,1081,0.04,926,0.04,14863,0.61
University of Massachusetts,University of Massachusetts Amherst,2018,23515,11750,0.5,11765,0.5,0,0,22,0,2430,0.1,1090,0.05,1620,0.07,1697,0.07,765,0.03,1041,0.04,14850,0.63
University of Massachusetts,University of Massachusetts Amherst,2017,23388,11652,0.5,11735,0.5,1,0,17,0,2352,0.1,1043,0.04,1490,0.06,1472,0.06,721,0.03,989,0.04,15304,0.65
University of Massachusetts,University of Massachusetts Amherst,2016,23373,11428,0.49,11942,0.51,3,0,19,0,2321,0.1,920,0.04,1349,0.06,1245,0.05,696,0.03,1246,0.05,15577,0.67
University of Massachusetts,University of Massachusetts Amherst,2015,22748,11161,0.49,11587,0.51,0,0,20,0,2078,0.09,870,0.04,1218,0.05,994,0.04,676,0.03,1325,0.06,15567,0.68
University of Massachusetts,University of Massachusetts Amherst,2014,22252,10909,0.49,11343,0.51,0,0,27,0,1876,0.08,857,0.04,1074,0.05,692,0.03,624,0.03,1526,0.07,15576,0.7
University of Massachusetts,University of Massachusetts Boston,2024,12289,6765,0.55,5509,0.45,15,0,13,0,1925,0.16,2165,0.18,2501,0.2,990,0.08,446,0.04,718,0.06,3531,0.29
University of Massachusetts,University of Massachusetts Boston,2023,12234,6919,0.57,5307,0.43,8,0,12,0,1950,0.16,2166,0.18,2382,0.19,865,0.07,489,0.04,632,0.05,3738,0.31
University of Massachusetts,University of Massachusetts Boston,2022,12221,6981,0.57,5237,0.43,3,0,8,0,1911,0.16,2158,0.18,2316,0.19,815,0.07,455,0.04,579,0.05,3979,0.33
University of Massachusetts,University of Massachusetts Boston,2021,12267,7101,0.58,5157,0.42,9,0,14,0,1876,0.15,2190,0.18,2300,0.19,787,0.06,466,0.04,423,0.03,4211,0.34
University of Massachusetts,University of Massachusetts Boston,2020,12870,7288,0.57,5571,0.43,11,0,13,0,1846,0.14,2250,0.17,2291,0.18,1315,0.1,452,0.04,403,0.03,4300,0.33
University of Massachusetts,University of Massachusetts Boston,2019,12595,6923,0.55,5646,0.45,26,0,21,0,1781,0.14,2196,0.17,2120,0.17,1310,0.1,408,0.03,445,0.04,4314,0.34
University of Massachusetts,University of Massachusetts Boston,2018,12714,6836,0.54,5842,0.46,36,0,16,0,1726,0.14,2211,0.17,2076,0.16,1393,0.11,415,0.03,506,0.04,4371,0.34
University of Massachusetts,University of Massachusetts Boston,2017,12660,6659,0.53,5955,0.47,46,0,23,0,1663,0.13,2169,0.17,1984,0.16,1525,0.12,389,0.03,544,0.04,4363,0.34
University of Massachusetts,University of Massachusetts Boston,2016,12847,6806,0.53,5998,0.47,43,0,28,0,1642,0.13,2152,0.17,1862,0.14,1583,0.12,370,0.03,563,0.04,4647,0.36
University of Massachusetts,University of Massachusetts Boston,2015,12949,7049,0.54,5874,0.45,26,0,27,0,1608,0.12,2113,0.16,1783,0.14,1578,0.12,346,0.03,581,0.04,4913,0.38
University of Massachusetts,University of Massachusetts Boston,2014,12700,6981,0.55,5696,0.45,23,0,22,0,1539,0.12,2046,0.16,1621,0.13,1460,0.11,301,0.02,589,0.05,5122,0.4
University of Massachusetts,University of Massachusetts Dartmouth,2024,5731,3016,0.53,2709,0.47,6,0,11,0,219,0.04,1170,0.2,737,0.13,97,0.02,320,0.06,93,0.02,3084,0.54
University of Massachusetts,University of Massachusetts Dartmouth,2023,5602,2911,0.52,2689,0.48,2,0,7,0,182,0.03,992,0.18,719,0.13,90,0.02,285,0.05,288,0.05,3039,0.54
University of Massachusetts,University of Massachusetts Dartmouth,2022,5517,2855,0.52,2662,0.48,0,0,6,0,197,0.04,983,0.18,687,0.12,76,0.01,280,0.05,105,0.02,3183,0.58
University of Massachusetts,University of Massachusetts Dartmouth,2021,5833,3032,0.52,2801,0.48,0,0,7,0,208,0.04,956,0.16,652,0.11,78,0.01,304,0.05,249,0.04,3379,0.58
University of Massachusetts,University of Massachusetts Dartmouth,2020,6027,3089,0.51,2938,0.49,0,0,5,0,193,0.03,978,0.16,662,0.11,93,0.02,299,0.05,172,0.03,3625,0.6
University of Massachusetts,University of Massachusetts Dartmouth,2019,6402,3217,0.5,3185,0.5,0,0,8,0,231,0.04,1049,0.16,666,0.1,144,0.02,274,0.04,218,0.03,3812,0.6
University of Massachusetts,University of Massachusetts Dartmouth,2018,6841,3344,0.49,3497,0.51,0,0,13,0,269,0.04,1105,0.16,718,0.1,184,0.03,265,0.04,214,0.03,4073,0.6
University of Massachusetts,University of Massachusetts Dartmouth,2017,6763,3289,0.49,3474,0.51,0,0,13,0,249,0.04,1055,0.16,659,0.1,175,0.03,252,0.04,193,0.03,4167,0.62
University of Massachusetts,University of Massachusetts Dartmouth,2016,7001,3445,0.49,3556,0.51,0,0,14,0,253,0.04,1047,0.15,659,0.09,173,0.02,258,0.04,227,0.03,4370,0.62
University of Massachusetts,University of Massachusetts Dartmouth,2015,7288,3514,0.48,3774,0.52,0,0,19,0,275,0.04,1006,0.14,621,0.09,165,0.02,250,0.03,236,0.03,4716,0.65
University of Massachusetts,University of Massachusetts Dartmouth,2014,7454,3548,0.48,3906,0.52,0,0,15,0,260,0.03,934,0.13,583,0.08,155,0.02,260,0.03,244,0.03,5003,0.67
University of Massachusetts,University of Massachusetts Lowell,2024,12040,5194,0.43,6839,0.57,7,0,14,0,1721,0.14,1234,0.1,2104,0.17,322,0.03,415,0.03,341,0.03,5889,0.49
University of Massachusetts,University of Massachusetts Lowell,2023,12040,5080,0.42,6958,0.58,2,0,10,0,1714,0.14,1134,0.09,1919,0.16,295,0.02,392,0.03,307,0.03,6269,0.52
University of Massachusetts,University of Massachusetts Lowell,2022,12263,5172,0.42,7090,0.58,1,0,11,0,1723,0.14,1028,0.08,1747,0.14,340,0.03,406,0.03,319,0.03,6689,0.55
University of Massachusetts,University of Massachusetts Lowell,2021,12761,5296,0.42,7451,0.58,14,0,7,0,1701,0.13,1001,0.08,1692,0.13,353,0.03,452,0.04,352,0.03,7203,0.56
University of Massachusetts,University of Massachusetts Lowell,2020,13727,5640,0.41,8075,0.59,12,0,11,0,1715,0.12,990,0.07,1811,0.13,409,0.03,451,0.03,480,0.03,7860,0.57
University of Massachusetts,University of Massachusetts Lowell,2019,13993,5551,0.4,8442,0.6,0,0,14,0,1682,0.12,920,0.07,1720,0.12,514,0.04,435,0.03,443,0.03,8265,0.59
University of Massachusetts,University of Massachusetts Lowell,2018,13888,5372,0.39,8514,0.61,2,0,14,0,1612,0.12,878,0.06,1602,0.12,568,0.04,420,0.03,384,0.03,8410,0.61
University of Massachusetts,University of Massachusetts Lowell,2017,13904,5359,0.39,8545,0.61,0,0,21,0,1468,0.11,825,0.06,1554,0.11,637,0.05,403,0.03,384,0.03,8612,0.62
University of Massachusetts,University of Massachusetts Lowell,2016,13522,5183,0.38,8339,0.62,0,0,23,0,1255,0.09,820,0.06,1446,0.11,663,0.05,387,0.03,387,0.03,8541,0.63
University of Massachusetts,University of Massachusetts Lowell,2015,13202,5033,0.38,8168,0.62,1,0,31,0,1214,0.09,813,0.06,1314,0.1,568,0.04,360,0.03,420,0.03,8482,0.64
University of Massachusetts,University of Massachusetts Lowell,2014,12945,4928,0.38,8017,0.62,0,0,21,0,1130,0.09,784,0.06,1219,0.09,488,0.04,315,0.02,416,0.03,8572,0.66
